create database college;
use college;
CREATE TABLE STUDENT ( USN VARCHAR (10), SNAME VARCHAR (25), ADDRESS VARCHAR (25), PHONE int (10), GENDER CHAR (1)); 
CREATE TABLE SEMSEC ( SSID VARCHAR (5) , SEM int, SEC CHAR (1)); 
CREATE Table CLASS(USN varchar(50),SSID varchar(50));
CREATE TABLE subject(Subcode VARCHAR(50),Title VARCHAR(88),Sem VARCHAR(20),Credits int); 
CREATE TABLE IAMARKS(USN varchar(50),Subcode varchar(50),SSID varchar(50),Test1 int,test2 int,Test3 int,  FinallA BIGINT);
INSERT INTO STUDENT VALUES ('1RN13CS020','AKSHAY','BELAGAVI', 887788112,'M'); 
INSERT INTO STUDENT VALUES('1RN13CS062','SANDHYA','BENGALURU', 772282991,'F'); 
INSERT INTO STUDENT VALUES('1RN13CS091','TEESHA','BENGALURU', 771231231,'F'); 
INSERT INTO STUDENT VALUES('1RN13CS066','SUPRIYA','MANGALURU', 887788112,'F'); 
INSERT INTO STUDENT VALUES('1RN14CS010','ABHAY','BENGALURU', 990021120,'M'); 
INSERT INTO STUDENT VALUES('1RN14CS032','BHASKAR','BENGALURU', 992321099,'M'); 
INSERT INTO STUDENT VALUES ('1RN14CS025','ASMI','BENGALURU', 789473737,'F'); 
INSERT INTO STUDENT VALUES ('1RN15CS011','AJAY','TUMKUR', 984509134,'M'); 
INSERT INTO STUDENT VALUES ('1RN15CS029','CHITRA','DAVANGERE', 769772121,'F'); 
INSERT INTO STUDENT VALUES ('1RN15CS045','JEEVA','BELLARY', 994480121,'M');

INSERT INTO SEMSEC VALUES ('CSE8A', 8,'A'); 
INSERT INTO SEMSEC VALUES ('CSE8B', 8,'B'); 
INSERT INTO SEMSEC VALUES('CSE8C',8,'C'); 
INSERT INTO SEMSEC VALUES ('CSE7A', 7,'A'); 
INSERT INTO SEMSEC VALUES('CSE7B',7,'B'); 
INSERT INTO SEMSEC VALUES ('CSE7C',7,'C'); 
INSERT INTO SEMSEC VALUES ('CSE6A', 6,'A'); 
INSERT INTO SEMSEC VALUES ('CSE6B', 6,'B'); 
INSERT INTO SEMSEC VALUES ('CSE6C', 6,'C'); 
INSERT INTO SEMSEC VALUES ('CSE5A', 5,'A');
INSERT INTO CLASS VALUES('1RN13CS020','CSE8A'); 
INSERT INTO CLASS VALUES('1RN13CS062','CSE8A'); 
INSERT INTO CLASS VALUES('1RN13CS066','CSE8B'); 
INSERT INTO CLASS VALUES('1RN13CS091','CSE8C'); 
INSERT INTO CLASS VALUES('1RN14CS010','CSE7A'); 
INSERT INTO CLASS VALUES('1RN14CS025','CSE7A'); 
INSERT INTO CLASS VALUES('1RN14CS032','CSE7A'); 
INSERT INTO CLASS VALUES('1RN15CS011','CSE4A'); 
INSERT INTO CLASS VALUES('1RN15CS029','CSE4A'); 
INSERT INTO CLASS VALUES('1RN15CS045','CSE4B');
INSERT INTO SUBJECT VALUES ('10CS81','ACA', 8, 4); 
INSERT INTO SUBJECT VALUES ('10CS82','SSM', 8, 4); 
INSERT INTO SUBJECT VALUES ('10CS83','NM', 8, 4); 
INSERT INTO SUBJECT VALUES ('10CS84','CC', 8, 4); 
INSERT INTO SUBJECT VALUES ('10CS85','PW', 8, 4); 
INSERT INTO SUBJECT VALUES ('10CS71','OOAD', 7, 4);
INSERT INTO SUBJECT VALUES ('10CS72','ECS', 7, 4); 
INSERT INTO SUBJECT VALUES ('10CS73','PTW', 7, 4); 
INSERT INTO SUBJECT VALUES ('10CS74','DWDM', 7, 4); 
INSERT INTO SUBJECT VALUES ('10CS75','JAVA', 7, 4);
INSERT INTO IAMARKS (USN, SUBCODE, SSID, TEST1, TEST2, TEST3)VALUES 
('1RN13CS091','10CS81','CSE8C', 15, 16,18); 
INSERT INTO IAMARKS (USN, SUBCODE, SSID, TEST1, TEST2, TEST3)VALUES 
('1RN13CS091','10CS82','CSE8C', 12, 19,14); 
INSERT INTO IAMARKS (USN, SUBCODE, SSID, TEST1, TEST2, TEST3)VALUES 
('1RN13CS091','10CS83','CSE8C', 19, 15,20); 
INSERT INTO IAMARKS (USN, SUBCODE, SSID, TEST1, TEST2, TEST3)VALUES 
('1RN13CS091','10CS84','CSE8C', 20, 16,19); 
INSERT INTO IAMARKS (USN, SUBCODE, SSID, TEST1, TEST2, TEST3)VALUES 
('1RN13CS091','10CS85','CSE8C', 15, 15,12);
INSERT INTO IAMARKS (USN, SUBCODE, SSID, TEST1, TEST2, TEST3)VALUES 
('1RN13CS091','10CS81','CSE8C', 15,10,20); 
INSERT INTO IAMARKS (USN, SUBCODE, SSID, TEST1, TEST2, TEST3)VALUES 
('1RN13CS091','10CS82','CSE8C', 7,7,14); 
INSERT INTO IAMARKS (USN, SUBCODE, SSID, TEST1, TEST2, TEST3)VALUES 
('1RN13CS091','10CS83','CSE8C', 8,10,18); 
INSERT INTO IAMARKS (USN, SUBCODE, SSID, TEST1, TEST2, TEST3)VALUES 
('1RN13CS091','10CS84','CSE8C', 10,19,10); 
INSERT INTO IAMARKS (USN, SUBCODE, SSID, TEST1, TEST2, TEST3)VALUES 
('1RN13CS091','10CS85','CSE8C', 15,15,18);
select * from student;
select * from semsec;
select * from class;
select * from subject;
select * from iamarks;
select * from iamarls;
drop table iamarks ;
delete from student where sname="ajay";
