use company;
SELECT * from employee;
SELECT * from department;
SELECT * from dlocation;
SELECT * from project;
SELECT * from works_on;
show tables;
drop table department;
CREATE TABLE DEPARTMENT (DNO int , DNAME VARCHAR (20), MgrSSN VARCHAR(20),MGRSTARTDATE VARCHAR(20)); 
CREATE TABLE EMPLOYEE 
(SSN VARCHAR (20) PRIMARY KEY, FNAME VARCHAR(20), LNAME VARCHAR(20), ADDRESS VARCHAR (20), SEX CHAR (1), SALARY INTEGER, SUPERSSN VARCHAR(20), DNO int);
CREATE TABLE DLOCATION 
(DLOC VARCHAR (20), DNO int, PRIMARY KEY (DNO, DLOC)); 
CREATE TABLE PROJECT (PNO INTEGER PRIMARY KEY, PNAME VARCHAR(20), PLOCATION VARCHAR (20), DNO int); 
CREATE TABLE WORKS_ON (HOURS int (2), SSN varchar(20), PNO int, PRIMARY KEY (SSN, PNO)); 
INSERT INTO EMPLOYEE VALUES 
('RNSECE01','JOHN','SCOTT','BANGALORE','M', 450000,'1234R',1);  
INSERT INTO EMPLOYEE VALUES 
('RNSCSE02','HEAR','BAKER','BANGALORE','M', 700000,'1236R',2); 
INSERT INTO EMPLOYEE VALUES 
('RNSCSE03','EDWAD','SCOTT','MYSORE','M', 500000,'1237R',3);
INSERT INTO EMPLOYEE VALUES 
('RNSCSE04','PAVA','HEGDE','MANGALORE','M', 650000,'1238R',4); 
INSERT INTO EMPLOYEE VALUES 
('RNSCSE05','GIRIH','MALYA','MYSORE','M', 450000,'1239R',5);
INSERT INTO EMPLOYEE VALUES 
('RNSCSE06','TARUN','KARAMA','MYSORE','M', 450000,'1239R',6);
INSERT INTO EMPLOYEE VALUES 
('RNSCSE07','RISHI','DHOLYA','MYSORE','M', 450000,'1239R',7);
INSERT INTO EMPLOYEE VALUES 
('RNSCSE08','VIJAY','BHAGAYA','MYSORE','M', 450000,'1239R',8);
INSERT INTO EMPLOYEE VALUES 
('RNSCSE09','ASID','DHOLI','MYSORE','M', 450000,'1239R',9);
INSERT INTO EMPLOYEE VALUES 
('RNSCSE010','KARAM','KARO','MYSORE','M', 450000,'1239R',10);
INSERT INTO DEPARTMENT VALUES (1,'ACCOUNTS','RNSACC02','01-jan-19'); 
INSERT INTO DEPARTMENT VALUES (2,'IT','RNSIT01','01-AUG-16'); 
INSERT INTO DEPARTMENT VALUES (3,'ECE','RNSECE01','01-JUN-08'); 
INSERT INTO DEPARTMENT VALUES (4,'ISE','RNSISE01','01-AUG-15'); 
INSERT INTO DEPARTMENT VALUES (5,'CSE','RNSCSE05','01-MAY-02');
INSERT INTO DEPARTMENT VALUES (6,'EVS','RNSCSE03','10-JUN-08');
INSERT INTO DEPARTMENT VALUES (7,'WBP','RNSCSE03','01-JULY-07');
INSERT INTO DEPARTMENT VALUES (8,'AM','RNSCSE06','06-APR-05');
INSERT INTO DEPARTMENT VALUES (9,'DBMS','RNSCSE07','03-JUN-03');
INSERT INTO DEPARTMENT VALUES (10,'DSA','RNSCSE08','08-MAY-05');
INSERT INTO DLOCATION VALUES ('BANGALORE', 1); 
INSERT INTO DLOCATION VALUES ('BANGALORE', 2); 
INSERT INTO DLOCATION VALUES ('BANGALORE', 3); 
INSERT INTO DLOCATION VALUES('MANGALORE',4); 
INSERT INTO DLOCATION VALUES('MANGALORE',5);
INSERT INTO DLOCATION VALUES('MANGALORE',6);
INSERT INTO DLOCATION VALUES('HARIYANA',7);
INSERT INTO DLOCATION VALUES('HARIYANA',8);
INSERT INTO DLOCATION VALUES('HARIYANA',9);
INSERT INTO DLOCATION VALUES('UTTAR PRADESH',10);
INSERT INTO PROJECT VALUES (100,'IOT','BANGALORE','5'); 
INSERT INTO PROJECT VALUES (101,'CLOUD','BANGALORE','5'); 
INSERT INTO PROJECT VALUES (102,'BIGDATA','BANGALORE','5'); 
INSERT INTO PROJECT VALUES (103,'SENSORS','BANGALORE','3'); 
INSERT INTO PROJECT VALUES (104,'BANK MANAGEMENT','BANGALORE','1'); 
INSERT INTO PROJECT VALUES (105,'SALARYMANAGEMENT','BANGALORE','1'); 
INSERT INTO PROJECT VALUES(106,'OPENSTACK','BANGALORE','4'); 
INSERT INTO PROJECT VALUES (107,'SMARTCITY','BANGALORE','2');

INSERT INTO PROJECT VALUES (108,'CCTV','BANGALORE','2');

INSERT INTO PROJECT VALUES (109,'SMART VEHICLE','DELHI','2');
INSERT INTO WORKS_ON VALUES (4, 'RNSCSE01', 100); 
INSERT INTO WORKS_ON VALUES (6, 'RNSCSE01', 101); 
INSERT INTO WORKS_ON VALUES (8, 'RNSCSE01', 102); 
INSERT INTO WORKS_ON VALUES (10, 'RNSCSE02', 100); 
INSERT INTO WORKS_ON VALUES (3, 'RNSCSE04', 100); 
INSERT INTO WORKS_ON VALUES (4, 'RNSCSE05', 101); 
INSERT INTO WORKS_ON VALUES (5, 'RNSCSE06', 102); 
INSERT INTO WORKS_ON VALUES (6, 'RNSCSE03', 102); 
INSERT INTO WORKS_ON VALUES (7, 'RNSECE01', 103); 
INSERT INTO WORKS_ON VALUES (5, 'RNSACC01', 104);